b'building_id',parcel_id,development_type_id,improvement_value,residential_units,residential_sqft,sqft_per_unit,non_residential_sqft,building_sqft,res_price_per_sqft,stories,year_built,redfin_sale_price,redfin_sale_year,redfin_home_type,building_type_id630,1868920,1,40543.0,1,1610,1610.0,0,1610.0,261.026880345,1,1949,820000.0,2013.0,Single Family Residential,1
2616,57226,1,26402.0,1,1191,1191.0,0,1191.0,361.772721823,1,1942,,,,1
10755,1183063,1,108919.0,1,1945,1945.37009674,0,1945.37009674,472.283899946,1,1963,,,,1
15941,1948127,1,65733.0,1,1492,1492.0,0,1492.0,348.258437124,1,1951,127000.0,1996.0,Single Family Residential,1
17201,345824,1,244236.0,1,1830,1830.0,0,1830.0,309.747690735,1,1973,240000.0,1988.0,Single Family Residential,1
26474,370184,1,0.0,1,5093,5093.0,0,5093.0,282.800548349,1,2015,1050000.0,2005.0,Single Family Residential,1
30738,1809799,1,293464.0,1,2936,2936.0,0,2936.0,114.060985247,1,1998,272000.0,1995.0,Single Family Residential,1
31656,708,7,611444.0,0,0,0.0,3048,3048.0,0.0,1,1928,,,,10
43563,591589,1,76452.0,1,1220,1220.0,0,1220.0,130.935320065,1,1975,212500.0,2002.0,Single Family Residential,1
46361,641815,1,61854.0,1,768,768.0,0,768.0,248.452652824,1,1927,315000.0,2002.0,Single Family Residential,1
55798,377763,1,464646.0,1,2372,2372.0,0,2372.0,335.24657202,2,1971,580000.0,2002.0,Single Family Residential,1
56008,466475,1,250022.0,1,2089,2089.0,0,2089.0,114.259296763,1,1969,255000.0,1989.0,Single Family Residential,1
60719,882100,24,9507.0,0,0,0.0,0,0.0,0.0,1,1991,,,,16
64270,956705,1,272374.0,1,7200,7200.0,0,7200.0,461.591259033,1,1934,,,,1
65297,972291,1,53240.0,1,1200,1200.0,0,1200.0,855.819850255,1,1926,,,,1
66569,982924,-1,689785.0,0,0,0.0,5655,5655.0,0.0,1,1946,,,,0
67065,988278,2,7909815.0,7,145950,20850.0,0,145950.0,265.06913704,3,1993,110000.0,1993.0,Townhouse,3
72231,341778,1,227729.0,1,1870,1870.0,0,1870.0,232.38388904,1,1960,165000.0,1997.0,Single Family Residential,1
79984,945077,1,103375.0,1,1200,1200.0,0,1200.0,645.916505316,1,1926,,,,1
86781,1186774,17,0.0,0,0,0.0,1698,1698.0,0.0,1,1965,,,,6
90717,1638559,1,311930.2953,1,2609,2609.0,0,2609.0,325.739289787,2,1997,422000.0,1997.0,Single Family Residential,1
91489,1796327,1,271000.0,1,2044,2044.0,0,2044.0,126.782111264,1,2001,279000.0,2012.0,Single Family Residential,1
93359,638259,1,158456.0,1,1696,1696.0,0,1696.0,121.045829112,1,1993,,,,1
94589,1770928,1,279000.0,1,2251,2251.0,0,2251.0,111.176138822,1,1992,495000.0,2004.0,Single Family Residential,1
94813,1779083,1,388000.0,1,2479,2479.0,0,2479.0,150.949492804,1,1989,625000.0,2008.0,Single Family Residential,1
94836,1283984,1,439201.739,1,3472,3472.0,0,3472.0,172.303042148,1,1978,459000.0,2003.0,Single Family Residential,1
96209,1832903,1,493000.0,1,2765,2765.0,0,2765.0,165.233428845,1,1981,508000.0,2013.0,Single Family Residential,1
99289,1876733,1,98260.0,1,882,882.0,0,882.0,455.892630127,1,1922,220000.0,2009.0,Single Family Residential,1
103140,1907512,1,424250.0,1,2645,2645.0,0,2645.0,218.802717526,1,1989,,,,1
105699,218252,1,263323.0,1,1648,1648.0,0,1648.0,344.610406498,2,1937,,,,1
108814,321892,1,694758.0,1,2172,2172.0,0,2172.0,391.380967655,2,2007,1075000.0,2012.0,Single Family Residential,1
108934,324884,1,76167.0,1,2330,2330.0,0,2330.0,401.924420289,1,1969,927000.0,2010.0,Single Family Residential,1
121957,1110175,1,745669.0,1,3000,3000.0,0,3000.0,566.879699341,1,2006,1300000.0,2001.0,Single Family Residential,1
123913,1344111,1,57991.5548,1,1448,1448.0,0,1448.0,813.521199232,1,1954,,,,1
125681,132537,2,36512.0,6,5433,905.5,0,5433.0,439.277792948,2,1977,,,,3
131309,879016,1,45478.5,1,1454,1454.0,0,1454.0,398.42590437,1,1978,,,,1
135013,1013050,1,119846.0,1,1200,1200.0,0,1200.0,333.765216899,1,1926,214000.0,1994.0,Single Family Residential,1
140035,728443,1,940851.0,1,5070,5070.0,0,5070.0,277.672035074,1,1987,1290000.0,2010.0,Single Family Residential,1
157418,560059,1,278689.0,1,2880,2880.0,0,2880.0,258.655389042,1,1978,,,,1
158349,133281,1,35025.0,1,895,895.0,0,895.0,465.369258412,2,1947,,,,1
166207,932181,1,33350.0,1,2400,2400.0,0,2400.0,377.397207288,1,1926,850000.0,2013.0,Single Family Residential,1
167927,299259,2,206175.0,2,1680,840.0,0,1680.0,347.919946125,1,1980,215000.0,1992.0,Multi-Family (2-4 Unit),3
171410,1936197,1,189990.0,1,1450,1450.0,0,1450.0,307.97963058,1,1963,250000.0,1996.0,Single Family Residential,1
174176,250511,1,213500.0,1,986,986.0,0,986.0,272.966571126,1,1944,273000.0,2012.0,Single Family Residential,1
174434,149307,1,210866.0,0,0,1292.0,1292,1292.0,0.0,1,1985,520000.0,2011.0,Single Family Residential,1
176868,384331,1,256235.0,1,1862,1862.0,0,1862.0,322.64010985,1,1969,278000.0,1994.0,Single Family Residential,1
193679,351283,1,222737.0,1,1380,1380.0,0,1380.0,378.677917638,1,1984,262000.0,1999.0,Single Family Residential,1
199167,1110083,1,334433.0,1,1880,1880.0,0,1880.0,581.984284803,1,1928,475000.0,1988.0,Single Family Residential,1
199886,739717,1,95128.0,1,1333,1333.0,0,1333.0,287.39094063,1,1942,490000.0,2007.0,Single Family Residential,1
204261,1612061,2,252906.875,0,0,1194.0,0,0.0,0.0,2,1996,,,,3
210013,1091146,1,313549.0,1,2140,2140.0,0,2140.0,295.033473763,1,1954,390000.0,1997.0,Single Family Residential,1
210046,1092355,1,202973.0,1,1945,1945.37009674,0,1945.37009674,469.800098768,1,1962,,,,1
213140,2031284,2,190000.0,1,1078,1078.0,0,1078.0,287.430057306,1,1995,295000.0,2004.0,Condo/Coop,3
228624,877607,24,9278.5,0,0,0.0,0,0.0,0.0,1,1996,,,,16
231408,739424,1,23048.0,1,912,912.0,0,912.0,382.328629508,1,1955,,,,1
234174,370209,2,259000.0,1,1396,1396.0,0,1396.0,338.763761438,2,2004,,,,3
234596,1111860,1,91188.0,1,1945,1945.37009674,0,1945.37009674,229.610139911,1,1980,,,,1
238893,106948,2,16978.0,2,1493,746.5,0,1493.0,802.071476583,1,1959,,,,3
246605,316074,1,468793.0,2,3410,1705.0,0,3410.0,213.004439382,2,2006,551500.0,1999.0,Single Family Residential,1
262695,1170455,2,412984.0,2,11542,5771.0,0,11542.0,200.308835448,1,1946,1025000.0,2002.0,Multi-Family (2-4 Unit),3
265274,875207,2,213265.0,2,816,408.0,0,816.0,799.520364683,3,2010,,,,3
272182,1232384,1,368026.0,1,1350,1350.0,0,1350.0,518.760590759,1,1975,680000.0,2004.0,Single Family Residential,1
273674,66357,1,228200.0,1,1662,1662.0,0,1662.0,197.993966033,2,1990,465000.0,2013.0,Single Family Residential,1
285402,1865356,1,271000.0,1,2366,2366.0,0,2366.0,140.006077001,1,2004,394500.0,2002.0,Single Family Residential,1
287047,754204,1,117687.0,1,2029,2029.42425042,0,2029.42425042,315.200734849,1,1929,,,,1
288487,1614143,1,248499.36,1,1372,1372.0,0,1372.0,288.691614732,1,1976,94000.0,2005.0,Single Family Residential,1
293181,823766,1,162393.0,1,1263,1263.0,0,1263.0,343.923146962,1,1968,219500.0,1991.0,Single Family Residential,1
297835,4511,1,0.0,1,1663,1663.78168077,0,1663.78168077,177.987603986,1,1954,,,,1
300280,45090,1,167118.0,1,862,862.0,0,862.0,407.899371424,2,1946,163000.0,1988.0,Single Family Residential,1
307637,248365,1,223469.0,1,1050,1050.0,0,1050.0,282.483490346,1,1951,320000.0,2008.0,Single Family Residential,1
308873,110282,1,506100.0,3,6114,2038.0,0,6114.0,308.365733967,2,1917,816000.0,2013.0,Single Family Residential,1
310956,1610503,24,0.0,0,0,0.0,0,0.0,0.0,1,1900,,,,16
312647,267479,2,380558.0,7,7206,1029.42857143,0,7206.00000001,274.699045378,2,1979,,,,3
312941,1643694,1,254178.5718,1,2023,2023.0,0,2023.0,344.735303239,2,1978,680000.0,2010.0,Single Family Residential,1
329914,1558634,1,30839.258,1,1263,1263.0,0,1263.0,49.214225821,1,1961,,,,1
330387,637779,1,164824.0,1,1601,1601.0,0,1601.0,176.528709767,1,1993,360000.0,2003.0,Single Family Residential,1
331647,1464857,1,297148.4943,1,3088,3088.0,0,3088.0,281.40559796,2,1997,576000.0,1996.0,Single Family Residential,1
335454,1008676,5,243476.0,1,1200,1200.0,0,1200.0,433.24117545,2,1927,,,,12
338888,1163119,1,571200.0,1,2240,2240.0,0,2240.0,372.520802577,1,1923,1120000.0,2008.0,Single Family Residential,1
343915,1041060,1,267836.0,2,2400,1200.0,0,2400.0,715.36946667,2,1973,,,,1
346720,1373003,7,0.0,0,0,0.0,1288,1288.0,0.0,1,1922,,,,10
356567,1340182,1,97587.8344,1,2281,2281.0,0,2281.0,633.145056484,1,1965,,,,1
357174,706559,1,2170657.0,1,6279,6279.0,0,6279.0,454.978295596,1,2002,,,,1
359583,1345089,1,267595.2975,1,2088,2088.0,0,2088.0,663.130911724,1,1973,,,,1
360925,723139,1,271591.0,1,2338,2338.0,0,2338.0,431.352037255,1,1959,,,,1
361675,733955,1,9494.0,1,1491,1491.0,2546,2962.0,329.958309457,1,1951,,,,1
365392,1624658,1,39088.761,2,2324,1162.0,0,2324.0,186.748124184,1,1973,400000.0,2010.0,Single Family Residential,1
366341,1522839,1,229371.869,1,1658,1658.0,0,1658.0,333.439443187,1,1968,720000.0,2002.0,Single Family Residential,1
368533,1437516,1,149971.0041,1,1594,1594.0,0,1594.0,99.5236125761,2,1964,650000.0,2012.0,Single Family Residential,1
375488,1428196,1,214031.116,1,2293,2293.0,0,2293.0,111.620496476,1,1995,,,,1
382921,191962,1,360500.0,1,608,608.0,0,608.0,660.068379303,1,1956,700000.0,2005.0,Single Family Residential,1
384054,471702,1,67358.0,1,1096,1096.0,0,1096.0,99.4712453099,1,1938,131500.0,1991.0,Single Family Residential,1
384284,1469385,1,133219.7947,1,1335,1335.0,0,1335.0,150.644464316,1,1961,300000.0,2013.0,Single Family Residential,1
391536,799179,1,225865.0,1,2029,2029.42425042,0,2029.42425042,263.221463055,1,1984,,,,1
394248,576896,1,35585.0,1,1633,1633.0,0,1633.0,132.32331402,1,1952,,,,1
404217,406825,1,120395.0,1,1303,1303.0,0,1303.0,377.107952415,1,1974,595000.0,2004.0,Single Family Residential,1
404950,783590,1,343537.0,1,2125,2125.0,0,2125.0,866.166111029,1,1974,540000.0,1997.0,Single Family Residential,1
406109,819329,1,251177.0,1,1674,1674.0,0,1674.0,305.095915409,1,1992,395000.0,2001.0,Condo/Coop,1
411919,1794046,1,68522.0,1,2069,2069.0,0,2069.0,242.466833955,1,1969,,,,1
414880,1555418,2,107627.4828,3,1584,528.0,0,1584.0,93.3397040419,2,1989,,,,3
416982,1580078,1,192880.0,1,2000,2000.0,0,2000.0,240.501260451,2,1979,364000.0,2012.0,Single Family Residential,1
421080,1780398,1,526000.0,1,4380,4380.0,0,4380.0,161.840664188,1,2006,1182000.0,2005.0,Single Family Residential,1
423236,271876,1,65981.0,1,1551,1551.0,0,1551.0,241.098943595,1,1965,,,,1
423416,442537,1,140703.0,1,1907,1907.0,0,1907.0,418.156749265,1,1966,,,,1
424523,280391,1,241500.0,1,2161,2161.0,0,2161.0,159.015925868,1,1954,345000.0,2009.0,Single Family Residential,1
427272,784847,1,562279.0,1,3815,3815.0,0,3815.0,764.355987856,1,1993,2555000.0,2012.0,Single Family Residential,1
428100,339106,1,283097.0,1,1724,1724.0,0,1724.0,293.976621197,2,1993,333000.0,1999.0,Single Family Residential,1
429467,336314,1,181769.0,1,1251,1251.0,0,1251.0,308.344126416,1,1969,770000.0,2014.0,Single Family Residential,1
430705,478789,1,75401.0,1,1042,1042.0,0,1042.0,329.066177892,1,1954,,,,1
431561,622766,1,196269.0,1,2216,2216.0,0,2216.0,164.087129965,1,1979,507000.0,2004.0,Single Family Residential,1
432786,404271,1,208777.0,1,3139,3139.0,0,3139.0,129.170461553,1,2006,285000.0,2010.0,Single Family Residential,1
436652,1988073,1,226750.0,1,1658,1658.0,0,1658.0,153.544152728,1,1990,310500.0,2010.0,Single Family Residential,1
444401,125947,1,0.0,1,1663,1663.78168077,0,1663.78168077,448.650070776,1,1933,,,,1
447204,164262,1,246400.0,1,1169,1169.0,0,1169.0,229.45994887,1,1962,405000.0,2003.0,Single Family Residential,1
458902,335357,1,350000.0,1,1980,1980.0,0,1980.0,267.210453107,2,1965,775000.0,2005.0,Single Family Residential,1
469098,34848,2,181839.0,5,2817,563.4,0,2817.0,379.60528363,2,1953,170000.0,1997.0,Multi-Family (2-4 Unit),3
473437,664886,1,68544.0,1,1350,1350.0,0,1350.0,126.023030059,1,1917,122000.0,1997.0,Single Family Residential,1
479076,1369622,1,154731.2264,1,1253,1253.0,0,1253.0,84.1001463191,1,1967,154000.0,2003.0,Single Family Residential,1
480420,698374,1,221074.0,1,2095,2095.0,0,2095.0,411.685222334,1,1985,282500.0,1994.0,Single Family Residential,1
484736,734591,1,478719.0,3,12333,4111.0,0,12333.0,397.09027907,1,1950,850000.0,2012.0,Single Family Residential,1
486339,841833,1,81908.0,1,1413,1413.0,0,1413.0,199.279444313,1,1947,170000.0,1996.0,Single Family Residential,1
507717,1406184,1,113887.6,1,1494,1494.0,0,1494.0,319.989095766,1,1959,752000.0,2006.0,Single Family Residential,1
509402,1046653,1,225000.0,1,1030,1030.0,0,1030.0,399.610831684,1,1948,330000.0,2000.0,Single Family Residential,1
513896,764814,1,515363.0,1,2835,2835.0,0,2835.0,448.665560244,1,1983,975000.0,1998.0,Single Family Residential,1
519493,820275,1,75621.0,1,2029,2029.42425042,0,2029.42425042,284.285992343,1,1965,,,,1
522163,1867505,1,95180.0,1,1279,1279.0,0,1279.0,179.296040421,1,1980,230000.0,2010.0,Single Family Residential,1
529195,1187346,1,255296.0,1,1450,1450.0,0,1450.0,375.917042864,1,1973,410000.0,1999.0,Single Family Residential,1
535423,636416,1,73428.0,2,3826,1913.0,0,3826.0,146.145400634,1,1969,,,,1
540780,696883,1,112697.0,1,1760,1760.0,0,1760.0,310.534918238,1,1976,,,,1
542504,716023,1,130290.0,1,1425,1425.0,0,1425.0,340.682548394,1,1956,275000.0,1995.0,Single Family Residential,1
560105,809662,1,237822.0,1,1736,1736.0,0,1736.0,288.236114691,1,1963,490000.0,2012.0,Single Family Residential,1
561021,1152220,14,3170208.0,0,0,0.0,100000,100000.0,0.0,1,1970,,,,7
569847,1269973,2,270507.019,5,5715,1143.0,0,5715.0,61.8107121001,1,1978,,,,3
570276,538746,1,301712.0,1,2162,2162.0,0,2162.0,209.295382261,1,1988,555000.0,2003.0,Condo/Coop,1
573140,450121,1,236581.0,1,2052,2052.0,0,2052.0,192.3379018,1,2010,212500.0,2010.0,Condo/Coop,1
573485,592232,1,45379.0,1,624,624.0,0,624.0,186.786279013,1,1945,,,,1
575881,1935406,1,304713.0,1,3058,3058.0,0,3058.0,135.027033174,1,1988,,,,1
595745,866316,1,9147.0,1,1556,1556.0,0,1556.0,205.779573323,1,1970,,,,1
597529,880735,2,53847.0,1,896,896.0,0,896.0,250.973754364,1,1974,150000.0,1992.0,Condo/Coop,3
599641,897856,2,418997.0,3,2400,800.0,0,2400.0,1232.65587716,1,1916,,,,3
600294,904221,1,104030.0,1,3600,3600.0,0,3600.0,774.162609773,2,1939,,,,1
600575,906748,1,118962.0,1,1200,1200.0,0,1200.0,1973.16789787,2,1904,,,,1
602481,923372,1,205975.0,1,2400,2400.0,1738,4138.0,331.980271074,1,1913,,,,1
604509,941703,1,222174.0,1,1200,1200.0,0,1200.0,607.780660185,1,1943,276500.0,1992.0,Single Family Residential,1
605888,1539330,1,150851.0036,1,1918,1918.0,0,1918.0,233.476135825,2,1970,171500.0,1988.0,Single Family Residential,1
606539,960404,1,278472.0,1,1420,1420.0,0,1420.0,507.731851537,1,1953,619000.0,2002.0,Single Family Residential,1
608679,977605,2,164011.0,3,2400,800.0,0,2400.0,990.651178823,1,1911,,,,3
614624,1034197,1,73545.0,1,1200,1200.0,0,1200.0,420.555901119,2,1969,,,,1
615066,1037769,1,70341.0,1,1200,1200.0,0,1200.0,406.581615527,1,1944,,,,1
616287,1048525,1,179622.0,1,970,970.0,0,970.0,338.806004516,1,1924,301000.0,2000.0,Single Family Residential,1
622704,1477674,1,270764.298,1,1408,1408.0,0,1408.0,457.606568182,1,1956,631500.0,2003.0,Single Family Residential,1
623297,1124823,2,481185.0,1,1674,1674.0,0,1674.0,510.478263732,1,1955,925000.0,2007.0,Single Family Residential,3
636523,1365788,14,4161287.88,0,0,0.0,48000,48000.0,0.0,1,1977,,,,7
638281,1386127,1,145055.448,2,4288,2144.0,0,4288.0,105.778756837,1,1932,,,,1
639057,1394938,1,196657.56,2,2784,1392.0,0,2784.0,70.1806084978,1,1932,547000.0,2000.0,Single Family Residential,1
640688,1410324,1,302093.0752,1,2474,2474.0,0,2474.0,80.4588066518,2,2000,,,,1
645199,1525803,1,177144.6321,1,1442,1442.0,0,1442.0,495.987445573,1,1950,535000.0,2003.0,Single Family Residential,1
652761,1654406,1,164480.0,1,1355,1355.0,0,1355.0,239.652250433,1,1975,360000.0,2012.0,Single Family Residential,1
653476,1662020,1,319968.715,1,2413,2413.0,0,2413.0,323.874925128,2,1997,419500.0,1996.0,Single Family Residential,1
655140,1677930,1,153667.14,1,1675,1675.0,0,1675.0,240.467604802,1,1971,420000.0,2010.0,Single Family Residential,1
657162,1697351,1,418850.53,1,2841,2841.0,0,2841.0,205.815873396,2,1973,1079000.0,2006.0,Single Family Residential,1
657172,1697436,1,353989.81,2,5630,2815.0,0,5630.0,208.062383144,2,1989,434000.0,1998.0,Single Family Residential,1
671508,743306,1,236130.0,1,1522,1522.0,0,1522.0,382.37761974,1,1958,685000.0,2004.0,Single Family Residential,1
677037,784361,1,308386.0,1,2029,2029.42425042,0,2029.42425042,880.84536576,1,1961,,,,1
679000,804286,1,140681.0,1,1765,1765.0,0,1765.0,281.820140431,1,1961,204500.0,1989.0,Single Family Residential,1
680201,815750,1,166246.0,1,672,672.0,0,672.0,507.43813956,1,1945,225000.0,2008.0,Condo/Coop,1
680364,817571,1,119476.0,1,2029,2029.42425042,0,2029.42425042,256.81597178,1,1956,,,,1
692127,1491267,1,137553.9891,1,1555,1555.0,0,1555.0,460.390103764,2,1980,320000.0,1999.0,Single Family Residential,1
694225,1728995,1,79049.0,1,863,863.0,0,863.0,77.2284945397,1,1954,65500.0,1997.0,Single Family Residential,1
695782,1689534,1,135993.2,1,2240,2240.0,0,2240.0,249.956821407,1,1971,,,,1
705351,1798138,1,165000.0,1,1158,1158.0,0,1158.0,172.708736772,1,1974,113500.0,2013.0,Single Family Residential,1
708884,1835230,1,152000.0,1,1591,1591.0,0,1591.0,154.550733201,1,1981,120000.0,2011.0,Single Family Residential,1
711885,1856210,1,147000.0,1,1434,1434.0,0,1434.0,161.967868689,1,1991,140000.0,2012.0,Single Family Residential,1
717300,770481,1,82764.0,0,0,1404.0,0,0.0,0.0,1,1922,1060000.0,2006.0,Single Family Residential,1
724533,1927711,1,120171.0,1,1283,1283.0,0,1283.0,179.089884166,1,1987,147500.0,1994.0,Condo/Coop,1
728799,61585,1,16335.0,1,947,947.0,0,947.0,117.108048793,1,1923,,,,1
730502,219493,1,291200.0,1,1508,1508.0,0,1508.0,177.463856379,1,1963,503000.0,2004.0,Single Family Residential,1
733358,573164,1,70980.0,1,1810,1810.0,0,1810.0,78.0675305719,1,1973,,,,1
735634,938379,1,223000.0,1,1200,1200.0,0,1200.0,313.573483573,1,1928,725000.0,2004.0,Single Family Residential,1
740642,79163,1,74736.0,1,1124,1124.0,0,1124.0,96.2411197417,1,1926,,,,1
740812,887663,2,87431.0,1,1852,1852.0,0,1852.0,364.014307025,1,1976,,,,3
741676,945493,1,272771.0,1,1200,1200.0,0,1200.0,563.108276584,1,1944,660000.0,2008.0,Single Family Residential,1
742050,890956,2,441628.0,2,1200,600.0,0,1200.0,1904.09364575,3,1986,1000000.0,2004.0,Single Family Residential,3
743793,956998,2,65650.0,2,3600,1800.0,0,3600.0,670.948010476,3,1947,,,,3
744655,959999,2,723782.0,4,3200,800.0,0,3200.0,825.810768958,1,1971,805000.0,2007.0,Condo/Coop,3
749089,111743,1,375880.0,2,3008,1504.0,0,3008.0,346.583762535,1,1918,460000.0,2000.0,Single Family Residential,1
751084,1848376,1,136000.0,1,1604,1604.0,0,1604.0,79.5228247397,1,1971,115000.0,1989.0,Single Family Residential,1
751091,1848487,1,32323.0,1,1024,1024.0,0,1024.0,108.35331211,1,1969,,,,1
751590,958239,2,339538.0,2,3600,1800.0,0,3600.0,618.621853005,2,1935,433000.0,1988.0,Multi-Family (2-4 Unit),3
751591,958285,2,316106.0,4,3600,900.0,0,3600.0,991.176846269,2,1921,,,,3
754880,114931,10,339556.0,0,0,0.0,14293,7920.0,0.0,1,1953,,,,4
762937,574020,1,174122.0,1,2786,2786.0,0,2786.0,81.4828229186,1,1979,,,,1
763938,977528,1,207215.0,1,1760,1760.0,0,1760.0,576.259873905,2,1919,357000.0,1994.0,Single Family Residential,1
771672,131239,5,766804.0,0,0,0.0,5838,5231.0,0.0,1,1977,,,,12
781995,1753458,2,29761.0,20,39760,1988.0,0,39760.0,79.3959836435,1,1926,23500.0,2002.0,Multi-Family (2-4 Unit),3
787466,397532,1,237422.0,1,1653,1653.0,0,1653.0,322.209972793,1,1968,639000.0,2003.0,Single Family Residential,1
791238,919057,1,210093.0,1,2400,2400.0,0,2400.0,319.998328352,2,1932,350000.0,1991.0,Single Family Residential,1
791356,1079272,14,388017.0,0,0,0.0,2880,2880.0,0.0,1,1986,,,,7
792769,649790,1,91448.0,1,1405,1405.0,0,1405.0,192.404380595,1,1979,,,,1
796292,909513,1,101169.0,1,2400,2400.0,0,2400.0,202.712082469,2,1959,,,,1
797004,950484,1,178004.0,1,1200,1200.0,0,1200.0,562.278266898,1,1941,650000.0,2011.0,Single Family Residential,1
798723,1656853,1,300700.0,1,2626,2626.0,0,2626.0,325.180869753,3,2009,,,,1
804723,1973047,1,0.0,1,1655,1655.20020314,0,1655.20020314,848.076483276,1,1969,,,,1
804911,1590302,1,83102.5814,1,2421,2421.0,0,2421.0,269.956678157,1,1949,,,,1
807338,1587891,1,504785.25,1,2336,2336.0,0,2336.0,427.853109546,2,1966,1245000.0,2008.0,Single Family Residential,1
809212,1607313,1,78918.6419,1,2110,2110.0,0,2110.0,415.321023359,2,1973,,,,1
812814,1640388,1,142334.5,1,1303,1303.0,0,1303.0,339.815601631,2,1986,,,,1
819056,1705816,1,497178.662,3,9726,3242.0,0,9726.0,255.123061069,1,1983,899000.0,2003.0,Single Family Residential,1
819446,1710095,1,480474.1773,1,3365,3365.0,0,3365.0,70.4510479669,2,2006,744000.0,2004.0,Single Family Residential,1
821501,1737585,1,127000.0,1,1563,1563.0,0,1563.0,120.843817868,1,1979,150000.0,1999.0,Single Family Residential,1
826610,1812539,1,25098.0,1,985,985.0,0,985.0,186.99357839,1,1953,,,,1
831136,1427071,2,258677.0,2,1211,605.5,0,1211.0,513.651663515,2,1972,,,,3
832042,1434280,2,223600.0,4,2584,646.0,0,2584.0,91.2707734422,2,1977,,,,3
832964,1479501,2,379200.0,8,7400,925.0,0,7400.0,305.356140058,2,2007,,,,3
838663,351977,1,241999.0,1,1791,1791.0,0,1791.0,269.103330309,2,1987,274000.0,1996.0,Single Family Residential,1
841352,773818,2,303167.0,1,1898,1898.0,0,1898.0,816.022511932,1,1956,769000.0,2000.0,Multi-Family (2-4 Unit),3
842981,1612883,1,282000.0,1,1480,1480.0,0,1480.0,274.748927779,1,1977,539000.0,2003.0,Single Family Residential,1
847282,1869739,1,172318.0,1,1915,1915.0,0,1915.0,332.405731443,1,1981,,,,1
847711,1876403,1,104140.0,2,2854,1427.0,0,2854.0,253.603693054,1,1910,359000.0,2000.0,Single Family Residential,1
850210,1913015,1,294000.0,1,2074,2074.0,0,2074.0,199.012648494,1,1990,555000.0,2007.0,Single Family Residential,1
854374,218757,1,83566.0,1,1769,1769.0,0,1769.0,145.133845864,1,1931,840000.0,2005.0,Single Family Residential,1
857072,384632,1,857500.0,1,3609,3609.0,0,3609.0,277.556150176,2,1998,1295000.0,2010.0,Single Family Residential,1
859371,1652888,1,135771.3658,1,1400,1400.0,0,1400.0,291.838463764,1,1967,218000.0,1990.0,Single Family Residential,1
867782,1754068,1,195000.0,1,1808,1808.0,0,1808.0,89.2780321812,1,1985,238000.0,1999.0,Single Family Residential,1
868405,1760578,24,0.0,2,3387,1693.66962421,0,3387.33924843,98.6995917429,1,1980,,,,16
877036,1827288,1,79593.0,1,1164,1164.0,0,1164.0,202.341941788,1,1978,,,,1
877583,330118,1,529241.0,1,1720,1720.0,0,1720.0,401.518189434,1,1968,686500.0,2003.0,Single Family Residential,1
881996,2030761,1,340750.0,1,2294,2294.0,0,2294.0,181.173177175,1,1992,795000.0,2005.0,Single Family Residential,1
883858,2054234,2,0.0,0,0,1155.0,0,0.0,0.0,1,1971,237500.0,2007.5,Townhouse,3
890882,114385,10,2869427.0,0,0,0.0,47651,43268.0,0.0,5,1955,,,,4
892253,137349,1,14815.0,1,1245,1245.0,0,1245.0,457.569593409,1,1909,,,,1
901214,255083,2,346500.0,5,4960,992.0,0,4960.0,284.283573998,2,1978,725000.0,2003.0,Multi-Family (2-4 Unit),3
917210,254770,1,26972.0,1,1304,1304.0,0,1304.0,189.822184101,1,1958,,,,1
917894,262099,1,382430.0,1,3653,3653.0,0,3653.0,149.428316232,2,2002,433000.0,1997.0,Single Family Residential,1
918641,272347,1,371000.0,1,2254,2254.0,0,2254.0,217.003027539,2,2007,,,,1
922596,317700,1,8678.0,1,1152,1152.0,0,1152.0,492.044544734,1,1981,265272.0,2010.0,Vacant Land,1
925733,346244,1,351400.0,1,1305,1305.0,0,1305.0,380.443590232,1,1975,475000.0,2001.0,Single Family Residential,1
934201,438788,1,257020.0,1,2959,2959.0,0,2959.0,117.781858561,1,1999,509000.0,2004.0,Single Family Residential,1
947142,59494,2,158361.0,6,2923,487.166666667,0,2923.0,264.392386398,1,1933,200000.0,2000.0,Multi-Family (2-4 Unit),3
954572,731475,1,74242.0,1,2482,2482.0,0,2482.0,229.427865053,1,1965,,,,1
958020,849961,1,83383.5,1,2304,2304.0,0,2304.0,273.968476917,1,2000,,,,1
961473,877412,1,49491.5,1,1020,1020.0,0,1020.0,276.188894455,1,1968,152000.0,1994.0,Single Family Residential,1
964128,900521,1,719627.0,2,4800,2400.0,0,4800.0,519.968708366,4,2015,480000.0,1998.0,Single Family Residential,1
964651,905779,1,1307323.0,1,1200,1200.0,0,1200.0,2106.24628845,3,1904,1025000.0,1990.0,Single Family Residential,1
974320,1001734,1,40286.0,1,2400,2400.0,0,2400.0,317.111262753,1,1908,,,,1
974990,1008315,2,208866.0,6,3600,600.0,252,3852.0,733.944072766,2,1928,,,,3
978754,1385990,1,80228.2371,2,2464,1232.0,0,2464.0,148.36290485,1,1936,50000.0,2011.0,Single Family Residential,1
981306,1027560,1,131437.0,2,2400,1200.0,0,2400.0,538.451757613,1,1979,,,,1
986315,1015385,1,98451.0,1,1200,1200.0,0,1200.0,310.609072889,1,1945,380000.0,2010.0,Single Family Residential,1
989488,473657,1,136015.0,1,1917,1917.0,0,1917.0,115.371547046,1,1948,140000.0,1992.0,Single Family Residential,1
992832,1020339,1,87893.0,1,3600,3600.0,0,3600.0,244.393293303,1,1916,1075000.0,2009.0,Single Family Residential,1
993098,1020848,2,274640.0,2,2400,1200.0,0,2400.0,751.493047376,2,1901,355000.0,1992.0,Multi-Family (2-4 Unit),3
995605,538840,1,319497.0,1,3589,3589.0,0,3589.0,102.222583543,1,2008,376000.0,2008.0,Single Family Residential,1
995784,540516,1,88316.0,1,1199,1199.0,0,1199.0,243.931590277,1,1961,189000.0,2000.0,Single Family Residential,1
996425,546011,1,112743.0,1,1689,1689.0,0,1689.0,47.8300733099,1,1947,,,,1
997028,552336,1,145352.0,1,2046,2046.0,0,2046.0,103.48560171,1,1986,,,,1
1000325,1264544,1,239210.6633,1,1610,1610.0,0,1610.0,821.972411328,1,1958,865000.0,2001.0,Single Family Residential,1
1000595,1266806,1,337294.2311,1,1639,1639.0,0,1639.0,812.637845675,1,1957,430000.0,1995.0,Single Family Residential,1
1001455,1275902,1,298225.1175,2,3328,1664.0,0,3328.0,230.97018704,2,1964,575000.0,2011.0,Multi-Family (2-4 Unit),1
1001492,1276591,1,208465.5666,1,1717,1717.0,0,1717.0,384.703525891,2,1980,532000.0,2001.0,Single Family Residential,1
1007210,40387,1,314989.0,1,1616,1616.0,0,1616.0,309.177682783,1,1938,219000.0,1993.0,Single Family Residential,1
1010402,66597,1,203000.0,1,878,878.0,0,878.0,254.493077844,1,1925,450000.0,2007.0,Single Family Residential,1
1015946,697019,1,524837.0,1,3279,3279.0,0,3279.0,375.015152015,1,1993,,,,1
1017851,701192,1,239171.0,1,2863,2863.0,0,2863.0,340.010937845,1,1979,,,,1
1018585,1045803,7,110863.0,0,0,0.0,2153,2153.0,0.0,1,1928,,,,10
1026741,239751,1,214324.0,1,1638,1638.0,0,1638.0,235.443614764,1,1963,580000.0,2000.0,Single Family Residential,1
1029618,1665864,1,99974.0,1,1502,1502.0,0,1502.0,232.184129753,1,1977,545000.0,2004.0,Single Family Residential,1
1030103,1670879,1,153951.48,1,2274,2274.0,0,2274.0,161.347694164,2,1968,828000.0,2007.0,Single Family Residential,1
1031312,1679539,1,341865.1005,1,2909,2909.0,0,2909.0,60.5130499335,2,1987,325000.0,1988.0,Single Family Residential,1
1045447,1756304,1,64735.0,1,1391,1391.0,0,1391.0,102.369547725,1,1977,,,,1
1052537,1835405,1,233316.0,1,2294,2294.0,0,2294.0,151.777365326,1,1989,250000.0,1992.0,Single Family Residential,1
1054837,547304,1,150827.0,1,1478,1478.0,0,1478.0,211.720967572,1,1963,500000.0,2006.0,Single Family Residential,1
1056188,561915,1,224176.0,2,4868,2434.0,0,4868.0,109.686146144,1,1996,,,,1
1057094,1220681,1,195570.0,1,1945,1945.37009674,0,1945.37009674,237.682332783,1,1966,,,,1
1064976,1282919,1,267582.0,1,1249,1249.0,0,1249.0,374.253231514,1,1968,538000.0,2004.0,Single Family Residential,1
1068932,614925,1,201333.0,1,2188,2188.0,0,2188.0,165.648757801,1,1986,241000.0,1991.0,Single Family Residential,1
1069498,621484,1,47336.0,1,755,755.0,0,755.0,160.145404684,1,1956,30000.0,2009.0,Single Family Residential,1
1071158,1864521,1,325000.0,1,2746,2746.0,0,2746.0,132.020533227,1,2003,250000.0,2004.0,Single Family Residential,1
1073786,1091659,1,47963.0,1,1945,1945.37009674,0,1945.37009674,180.325192764,1,1933,,,,1
1074207,1086891,1,71381.0,1,1945,1945.37009674,0,1945.37009674,193.676285051,1,1970,,,,1
1077480,1116279,1,170000.0,1,1780,1780.0,0,1780.0,954.817088305,1,1953,1530000.0,2008.0,Single Family Residential,1
1082079,1162779,24,0.0,0,0,3230.0,0,0.0,0.0,1,1995,1400000.0,1999.0,Single Family Residential,16
1084557,15086,1,83141.0,2,2622,1311.0,0,2622.0,222.590128877,1,1925,85000.0,1990.0,Single Family Residential,1
1089405,58185,1,361611.0,1,2541,2541.0,0,2541.0,268.33192228,2,1991,,,,1
1092492,87901,2,124728.0,1,1950,1950.0,0,1950.0,459.399678637,1,1969,630000.0,2013.0,Townhouse,3
1095019,109590,1,21843.0,2,2822,1411.0,0,2822.0,377.660417185,1,1908,,,,1
1099829,152166,1,616000.0,1,3453,3453.0,0,3453.0,240.192559353,2,2005,1022000.0,2005.0,Single Family Residential,1
1104976,197563,1,258537.0,1,1901,1901.0,0,1901.0,207.367376756,1,1969,275000.0,1992.0,Single Family Residential,1
1105787,206090,1,192267.0,2,1740,870.0,0,1740.0,313.386063994,2,1917,240000.0,2001.0,Single Family Residential,1
1109660,241111,1,312556.0,1,1978,1978.0,0,1978.0,210.664874895,2,1996,375000.0,1999.0,Single Family Residential,1
1111826,1418047,10,359898.0,0,0,0.0,9800,5433.0,0.0,1,1961,,,,4
1112087,263557,1,263544.0,2,3604,1802.0,0,3604.0,190.278078034,2,1981,310000.0,1998.0,Single Family Residential,1
1116996,307720,1,296800.0,1,1541,1541.0,0,1541.0,202.632312632,1,1963,660000.0,2006.0,Single Family Residential,1
1119712,333385,1,139007.0,1,2184,2184.0,0,2184.0,237.666031027,2,1987,,,,1
1124072,406861,1,252422.0,1,2327,2327.0,0,2327.0,313.033840584,1,1957,352500.0,1992.0,Single Family Residential,1
1125004,1842326,1,155000.0,1,1714,1714.0,0,1714.0,145.633133435,1,2005,255000.0,2008.0,Single Family Residential,1
1126046,1852765,1,96000.0,1,1532,1532.0,0,1532.0,115.374762612,1,1985,137000.0,1995.0,Single Family Residential,1
1133181,338755,13,523456.0,0,0,0.0,19776,19776.0,0.0,1,1978,,,,8
1134261,2014798,1,160823.0,1,2288,2288.0,0,2288.0,234.974980317,1,1983,840000.0,2004.0,Single Family Residential,1
1139360,32667,1,318912.0,1,2127,2127.0,0,2127.0,344.039192583,2,1941,346000.0,1993.0,Single Family Residential,1
1139377,32814,1,256131.0,1,1592,1592.0,0,1592.0,343.061771743,1,1919,770000.0,2013.0,Single Family Residential,1
1142539,61979,1,87500.0,1,960,960.0,0,960.0,141.93312036,1,1923,220000.0,2010.0,Single Family Residential,1
1147159,103275,1,86235.0,1,2730,2730.0,0,2730.0,523.30649605,1,1958,,,,1
1148045,111812,1,368900.0,1,1083,1083.0,0,1083.0,438.091871809,1,1931,486000.0,2003.0,Single Family Residential,1
1150253,130502,1,41461.0,1,1208,1208.0,0,1208.0,497.389122386,1,1931,,,,1
1151954,145088,1,195627.0,0,0,0.0,2364,2364.0,0.0,2,1991,,,,1
1155024,1486818,1,425991.7332,1,3400,3400.0,0,3400.0,356.513856533,2,1963,1200000.0,1999.0,Single Family Residential,1
1160298,220540,1,200035.0,2,2384,1192.0,0,2384.0,223.556674598,2,1975,240000.0,2000.0,Single Family Residential,1
1161690,1490278,1,331499.85,1,1181,1181.0,0,1181.0,516.583628415,1,1969,505000.0,2000.0,Single Family Residential,1
1164871,623002,1,92776.0,1,1262,1262.0,0,1262.0,187.979176994,1,1951,,,,1
1167457,252119,1,304500.0,1,1967,1967.0,0,1967.0,202.165267616,2,2006,435000.0,2009.0,Single Family Residential,1
1174493,1464223,1,208564.4286,1,2078,2078.0,0,2078.0,235.964836467,1,1964,450000.0,1997.0,Single Family Residential,1
1177959,1455930,1,301114.9548,1,2064,2064.0,0,2064.0,766.075559727,1,1966,,,,1
1178498,394792,1,35625.0,1,1447,1447.0,0,1447.0,434.730772869,1,1952,,,,1
1184799,396721,1,1502234.0,0,0,0.0,0,0.0,0.0,1,1984,2075000.0,2013.0,Single Family Residential,1
1186562,1990196,1,222853.0,1,1200,1200.0,0,1200.0,591.001286301,1,1954,805000.0,2009.0,Single Family Residential,1
1198395,1191573,1,369085.0,1,2060,2060.0,0,2060.0,858.162347913,1,1941,500000.0,1988.0,Single Family Residential,1
1199113,1199996,1,520728.0,1,3160,3160.0,0,3160.0,255.866268916,1,1978,775000.0,2000.0,Single Family Residential,1
1200518,491175,1,269423.0,1,3419,3419.0,0,3419.0,100.783891384,1,2005,674000.0,2004.0,Single Family Residential,1
1201860,1013517,1,525794.0,2,4800,2400.0,4074,8874.0,282.649734492,2,2007,,,,1
1204009,1033834,1,211178.0,1,1200,1200.0,0,1200.0,373.926588754,2,1909,477000.0,2006.0,Single Family Residential,1
1214503,546587,1,281551.0,1,3150,3150.0,0,3150.0,92.3592567758,1,2000,330000.0,2012.0,Single Family Residential,1
1219863,1075208,1,100151.0,1,1945,1945.37009674,0,1945.37009674,180.059090233,1,1930,,,,1
1221249,1083283,2,290952.0,1,1500,1500.0,0,1500.0,386.665317623,1,1967,470000.0,2001.0,Single Family Residential,3
1237742,496186,1,55670.0,1,964,964.0,0,964.0,282.114717335,1,1957,,,,1
1245851,881929,2,117500.0,1,2024,2024.0,0,2024.0,163.530203133,1,1967,,,,3
1251526,924408,1,300000.0,1,2400,2400.0,0,2400.0,274.124614177,2,1936,1100000.0,2013.0,Single Family Residential,1
1254523,949339,1,122548.0,1,1200,1200.0,0,1200.0,790.604523381,1,1926,235000.0,1995.0,Single Family Residential,1
1259356,992765,1,229434.0,1,3600,3600.0,2024,5624.0,110.5278484,2,1923,353000.0,2001.0,Multi-Family (2-4 Unit),1
1263211,1367328,1,136120.3599,2,3004,1502.0,0,3004.0,187.872907064,1,1958,,,,1
1274109,902048,5,435143.0,0,0,0.0,19620,19620.0,0.0,2,1957,,,,12
1274907,910487,2,469668.0,4,9600,2400.0,0,9600.0,303.432149102,1,1940,699500.0,2007.5,Condo/Coop,3
1277107,931839,1,228000.0,2,2400,1200.0,0,2400.0,566.24143283,1,1924,650000.0,2008.0,Single Family Residential,1
1279932,957984,1,646425.0,1,1200,1200.0,0,1200.0,720.084080758,2,1909,,,,1
1283551,1140403,1,472437.0,1,2140,2140.0,0,2140.0,334.469578839,1,2002,807500.0,2000.0,Single Family Residential,1
1291865,1220134,1,53874.0,2,3890,1945.37009674,0,3890.74019347,267.622211434,1,1981,,,,1
1291913,1220283,1,98934.0,1,1945,1945.37009674,0,1945.37009674,267.622211434,1,1981,,,,1
1294154,1270222,1,392275.3239,2,3410,1705.0,0,3410.0,50.6597196931,2,1990,542000.0,2002.0,Single Family Residential,1
1294469,1273004,1,509597.973,1,2973,2973.0,0,2973.0,223.790695968,2,1989,480000.0,1989.0,Single Family Residential,1
1294992,1278337,7,918.0,0,0,0.0,20000,20000.0,0.0,1,1970,,,,10
1299706,689838,1,1192406.0,1,5296,5296.0,0,5296.0,375.970047454,1,1994,1850000.0,2004.0,Single Family Residential,1
1311834,537805,2,356782.0,16,10719,669.9375,0,10719.0,347.060168211,2,1981,,,,3
1313231,550621,1,60657.0,1,1423,1423.0,0,1423.0,362.95396531,1,1973,580000.0,2010.0,Single Family Residential,1
1319165,647512,1,290371.0,1,3401,3401.0,0,3401.0,261.159288491,1,1995,395000.0,1994.0,Single Family Residential,1
1327845,1128646,1,65668.0,1,1760,1760.0,0,1760.0,306.050787902,1,1936,329000.0,1997.0,Single Family Residential,1
1339433,40251,1,52294.0,1,2147,2147.0,0,2147.0,308.221559722,2,1940,730000.0,2012.0,Single Family Residential,1
1340263,745784,1,206294.0,1,1685,1685.0,0,1685.0,451.190150673,1,1953,294000.0,1998.0,Single Family Residential,1
1343552,779681,1,0.0,1,2900,2900.0,0,2900.0,536.555338567,1,1995,1315000.0,2004.0,Single Family Residential,1
1348241,1494845,1,133397.3991,2,2562,1281.0,0,2562.0,246.329539371,1,1963,,,,1
1354781,1396315,1,10566.404,4,3520,880.0,0,3520.0,36.3065030909,1,1979,840000.0,2013.0,Multi-Family (2-4 Unit),1
1361426,1503436,1,295859.16,1,1796,1796.0,0,1796.0,169.290079891,2,1985,577500.0,2013.0,Single Family Residential,1
1364754,517517,19,205602.0,0,0,0.0,0,0.0,0.0,1,1962,,,,0
1365749,1547576,1,125359.4353,1,1474,1474.0,0,1474.0,87.9313189308,1,2001,,,,1
1368513,1577216,1,29043.18,2,2778,1389.0,0,2778.0,71.4090437355,1,1963,,,,1
1368632,1578532,1,192486.0,2,2692,1346.0,0,2692.0,163.08421243,1,1980,275000.0,2011.0,Single Family Residential,1
1373053,1623929,1,339411.7254,1,3471,3471.0,0,3471.0,221.109423244,1,1963,,,,1
1374906,1640478,1,300472.9695,1,892,892.0,0,892.0,421.778364961,1,1987,420000.0,2012.0,Single Family Residential,1
1375333,1644571,1,357741.0411,1,2904,2904.0,0,2904.0,313.957318002,2,1999,469000.0,1998.0,Single Family Residential,1
1375411,1645247,1,260631.556,1,2040,2040.0,0,2040.0,363.637156121,2,1999,370500.0,1998.0,Single Family Residential,1
1377967,1672283,1,110946.5752,1,1556,1556.0,0,1556.0,320.150572679,1,1969,,,,1
1379765,1692606,1,450094.29,1,2137,2137.0,0,2137.0,156.212039853,2,1978,615000.0,2003.0,Single Family Residential,1
1380964,1704673,24,0.0,0,0,0.0,0,0.0,0.0,1,1900,,,,16
1385637,1751881,10,25120.0,0,0,0.0,4909,4909.0,0.0,1,1937,,,,4
1390668,1860546,1,34647.0,1,1120,1120.0,0,1120.0,140.949702414,1,1932,,,,1
1391999,1817466,2,86000.0,1,1044,1044.0,0,1044.0,161.754143527,1,1978,92000.0,1991.0,Condo/Coop,3
1392137,1818859,1,217861.0,1,2389,2389.0,0,2389.0,129.867079756,1,1997,211500.0,1996.0,Single Family Residential,1
1393416,553056,24,0.0,0,0,1772.0,0,0.0,0.0,1,2012,364500.0,2012.0,Single Family Residential,16
1394735,1843817,1,263000.0,1,2174,2174.0,0,2174.0,127.829244639,1,2000,567000.0,2006.0,Single Family Residential,1
1395187,1847665,1,219874.0,1,2261,2261.0,0,2261.0,124.935536984,1,1991,204000.0,1989.0,Single Family Residential,1
1397047,1398098,2,268300.0,2,1399,699.5,0,1399.0,710.916846439,2,2009,,,,3
1398672,286883,1,41218.0,1,1387,1387.0,0,1387.0,178.462499313,1,1965,,,,1
1404836,1951591,1,732655.0,1,3212,3212.0,0,3212.0,178.014197127,1,2004,,,,1
1406961,1889738,1,42066.0,1,1274,1274.0,0,1274.0,257.139316743,1,1951,,,,1
1407717,42801,1,293208.0,1,1353,1353.0,0,1353.0,393.107514647,1,1933,366000.0,2001.0,Single Family Residential,1
1418638,76455,1,73500.0,1,825,825.0,0,825.0,140.772912196,1,1942,249000.0,2003.0,Single Family Residential,1
1438636,152365,1,234625.0,1,2805,2805.0,0,2805.0,253.430722694,2,2006,500500.0,2006.0,Single Family Residential,1
1439924,163058,1,150026.0,1,1092,1092.0,0,1092.0,248.149209542,1,1955,97000.0,1999.0,Single Family Residential,1
1440346,166947,1,290500.0,1,1772,1772.0,0,1772.0,171.472326164,1,1950,361000.0,2012.0,Single Family Residential,1
1440989,651115,1,50261.0,1,1349,1349.0,0,1349.0,83.8652410553,1,1948,132000.0,2013.0,Single Family Residential,1
1443835,196851,1,486500.0,1,1550,1550.0,0,1550.0,306.29759238,1,1965,809000.0,2007.0,Single Family Residential,1
1446759,221095,2,331815.0,4,6655,1663.78168077,0,6655.12672308,220.547467655,2,1993,,,,3
1455590,1909496,1,193209.0,1,1922,1922.0,0,1922.0,256.445229755,1,1984,,,,1
1456328,1917087,1,202750.0,1,1612,1612.0,0,1612.0,115.248998283,1,1994,446000.0,2004.0,Single Family Residential,1
1461004,246684,1,68118.0,1,1425,1425.0,0,1425.0,203.922194174,1,1952,,,,1
1467638,292327,1,463800.0,1,2850,2850.0,0,2850.0,117.053568606,2,2004,,,,1
1468458,53297,1,29762.0,1,1267,1267.0,0,1267.0,230.407831381,1,1926,270000.0,2012.0,Single Family Residential,1
1471890,1974907,1,21736.0,1,1000,1000.0,0,1000.0,250.131957634,1,1991,,,,1
1475644,36376,1,101765.0,1,872,872.0,0,872.0,208.210379975,1,1915,105000.0,2011.0,Single Family Residential,1
1476379,354279,1,212853.0,0,0,1446.0,1446,1446.0,0.0,2,1987,241000.0,1997.0,Single Family Residential,1
1476663,39885,1,302932.0,2,884,442.0,0,884.0,848.686660172,1,1925,,,,1
1478850,1999732,1,177838.0,1,2084,2084.0,0,2084.0,173.373775865,1,1980,,,,1
1480147,1396540,2,217930.0737,6,4536,756.0,0,4536.0,49.2232380143,2,2015,,,,3
1484015,1997850,1,166500.0,1,1247,1247.0,0,1247.0,212.294451473,1,2003,285000.0,2002.0,Other,1
1484105,1898193,1,1095000.0,1,1655,1655.20020314,0,1655.20020314,246.625783597,1,1984,565000.0,2005.0,Single Family Residential,1
1484643,1886220,2,193353.0,2,1100,550.0,0,1100.0,84.1439343804,1,1930,242000.0,1999.0,Multi-Family (2-4 Unit),3
1491254,710315,1,114905.0,1,2604,2604.0,0,2604.0,325.925749942,1,1976,,,,1
1493657,837172,1,78545.0,1,2029,2029.42425042,0,2029.42425042,911.060654879,1,1944,,,,1
1500446,779926,1,214294.0,1,1920,1920.0,0,1920.0,604.826142778,1,1972,750000.0,2013.0,Single Family Residential,1
1505751,640133,1,46045.0,1,2024,2024.0,0,2024.0,141.978937281,1,1971,,,,1
1509706,517430,1,140637.0,1,2061,2061.0,0,2061.0,120.249591261,1,1994,524000.0,2006.0,Single Family Residential,1
1514206,669057,1,41865.0,1,1826,1826.0,0,1826.0,163.517800353,1,1962,,,,1
1515959,845780,2,33500.0,2,2166,1083.0,0,2166.0,217.972524891,1,1982,114000.0,2011.0,Condo/Coop,3
1519065,613655,1,36112.0,1,1487,1487.0,0,1487.0,62.0916605705,1,1978,92000.0,2009.0,Single Family Residential,1
1523436,2033616,2,0.0,3,4965,1655.20020314,0,4965.60060943,247.103989865,1,1984,,,,3
1524837,707530,1,236905.0,1,3233,3233.0,0,3233.0,301.31699085,1,1951,,,,1
1526252,1021987,2,396842.0,2,2400,1200.0,0,2400.0,722.787941091,2,1972,665000.0,1999.0,Multi-Family (2-4 Unit),3
1528242,1038319,1,190354.0,1,1200,1200.0,0,1200.0,729.388170115,1,1941,,,,1
1529824,1054852,1,131738.0,1,1945,1945.37009674,0,1945.37009674,240.724406911,1,1950,,,,1
1532064,1076518,1,66434.0,1,1945,1945.37009674,0,1945.37009674,278.706255621,1,1955,,,,1
1533378,1089818,1,135683.0,1,1945,1945.37009674,0,1945.37009674,206.955733529,1,1944,,,,1
1534284,1099318,1,44768.0,1,1945,1945.37009674,0,1945.37009674,291.814089976,1,1963,,,,1
1539361,1148627,1,405747.0,1,1890,1890.0,0,1890.0,387.568078848,1,1980,735000.0,2004.0,Single Family Residential,1
1545476,1212746,1,777699.0,1,3064,3064.0,0,3064.0,476.551414561,1,1981,1495000.0,2006.0,Townhouse,1
1550418,1291622,2,275600.0,1,1657,1657.0,0,1657.0,83.8628827468,3,2005,735000.0,2009.0,Single Family Residential,3
1550937,1296865,14,10934066.496,0,0,0.0,75659,75659.0,0.0,2,1997,,,,7
1555788,1350791,1,136343.2526,1,1657,1657.0,0,1657.0,540.173370978,1,1963,,,,1
1556687,1361149,1,156716.2757,2,4278,2139.0,0,4278.0,91.7231466914,1,1971,,,,1
1564260,1441571,1,185118.0,1,1308,1308.0,0,1308.0,293.329049891,1,1968,287000.0,1995.0,Single Family Residential,1
1566335,1603130,7,526381.7809,0,0,0.0,14747,6875.0,0.0,1,1972,,,,10
1575791,1508109,1,116463.42,1,1154,1154.0,0,1154.0,312.497994671,1,1955,695000.0,2005.0,Single Family Residential,1
1575928,1509543,1,118180.701,1,1736,1736.0,0,1736.0,241.287168652,1,1977,,,,1
1579561,1545738,7,77307.9351,0,0,0.0,1996,1996.0,0.0,1,1924,,,,10
1580063,1550923,1,24378.8748,1,1410,1410.0,0,1410.0,257.078422916,1,1946,,,,1
1580145,1551782,1,291276.05,1,2041,2041.0,0,2041.0,253.090362752,2,2015,728000.0,2006.0,Single Family Residential,1
1585461,1605066,1,158289.5922,1,2450,2450.0,0,2450.0,386.978694031,2,1981,,,,1
1589075,1637201,1,219577.247,1,2431,2431.0,0,2431.0,258.075498938,1,1979,,,,1
1593802,1687594,1,48770.5806,1,1694,1694.0,0,1694.0,106.960346033,2,1972,,,,1
1606436,1140593,1,77921.0,1,1945,1945.37009674,0,1945.37009674,487.468078222,1,1962,,,,1
1607834,1826194,1,211659.0,1,1705,1705.0,0,1705.0,139.907919959,1,1991,274000.0,2012.0,Single Family Residential,1
1616954,797107,1,186616.0,2,4058,2029.42425042,0,4058.84850085,390.87956289,1,1981,,,,1
1617677,1918944,10,2355541.0,0,0,0.0,19459,19459.0,0.0,1,1990,,,,4
1622272,482337,1,285072.0,1,2146,2146.0,0,2146.0,129.792044085,1,2006,479000.0,2001.0,Single Family Residential,1
1622772,577408,1,134852.0,1,2011,2011.0,0,2011.0,95.9417073777,1,1979,,,,1
1629663,762705,1,192773.0,1,1433,1433.0,0,1433.0,623.704109668,1,1946,340000.0,1992.0,Single Family Residential,1
1629970,1463501,1,253875.864,2,3986,1993.0,0,3986.0,297.612741914,1,1981,780000.0,2003.0,Single Family Residential,1
1630240,769009,-1,0.0,0,0,0.0,7738,5250.0,0.0,1,1936,,,,0
1632181,789091,1,610414.0,1,1848,1848.0,0,1848.0,563.06174379,1,1965,835000.0,1999.0,Condo/Coop,1
1636227,924428,1,38200.0,1,2400,2400.0,0,2400.0,273.042367404,2,1928,,,,1
1640650,966436,1,120943.0,1,1200,1200.0,0,1200.0,691.221209526,1,1947,258000.0,1988.0,Single Family Residential,1
1644762,1126443,1,360480.0,1,1200,1200.0,0,1200.0,441.267245471,1,1948,640000.0,2011.0,Single Family Residential,1
1645806,1139540,1,363155.0,1,1190,1190.0,0,1190.0,445.502415782,1,1949,671000.0,2004.0,Single Family Residential,1
1650579,1180280,1,64854.0,1,2048,2048.0,0,2048.0,365.011561019,1,1913,1000000.0,2013.0,Single Family Residential,1
1656142,667576,1,65713.0,1,1312,1312.0,0,1312.0,101.91462731,1,1963,83000.0,1997.0,Single Family Residential,1
1658981,234239,2,181080.0,1,1580,1580.0,0,1580.0,239.711096067,2,1995,279000.0,2011.0,Townhouse,3
1661242,1303875,1,265712.1876,1,1726,1726.0,0,1726.0,308.132702606,1,1958,317000.0,1992.0,Single Family Residential,1
1661501,1306568,1,774200.0,1,1614,1614.0,0,1614.0,552.149363615,1,1950,1615000.0,2007.0,Single Family Residential,1
1662686,1445476,1,46441.9196,1,1552,1552.0,0,1552.0,141.69836284,1,1963,1328899.0,2013.0,Single Family Residential,1
1667618,1327459,10,1477272.2832,0,0,0.0,14800,14800.0,0.0,2,2001,,,,4
1673952,711894,1,38058.0,1,1716,1716.0,0,1716.0,437.621262796,1,1954,,,,1
1676443,1381654,1,101656.3234,1,846,846.0,0,846.0,446.047714268,1,1972,,,,1
1677796,1396683,1,214295.0,1,1022,1022.0,1059,2081.0,255.931523439,1,1968,380000.0,2013.0,Single Family Residential,1
1686714,1312837,1,66542.9275,0,0,1883.0,0,0.0,0.0,1,1972,1375000.0,2012.0,Single Family Residential,1
1690972,765944,1,337194.0,1,2614,2614.0,0,2614.0,405.448117345,1,1954,317500.0,1995.0,Single Family Residential,1
1707486,1502769,1,166648.9,1,1560,1560.0,0,1560.0,184.714653146,2,1958,117500.0,2005.0,Single Family Residential,1
1709686,2018166,1,241447.0,2,4256,2128.0,0,4256.0,208.515919488,1,1987,254000.0,1989.0,Single Family Residential,1
1713366,1862773,1,258000.0,1,2487,2487.0,0,2487.0,137.165310207,1,2005,472000.0,2004.0,Single Family Residential,1
1718342,82783,1,38368.0,1,1682,1682.0,0,1682.0,246.608341973,1,1945,,,,1
1718868,88411,1,722621.0,1,3776,3776.0,0,3776.0,363.319735564,2,1928,850000.0,1999.0,Single Family Residential,1
1720936,150341,1,185137.0,0,0,0.0,2076,2076.0,0.0,2,1985,,,,1
1723495,193557,1,32860.0,1,1913,1913.0,0,1913.0,241.065447862,1,1951,,,,1
1725599,220573,1,336603.0,1,2050,2050.0,0,2050.0,149.602801551,1,1977,500000.0,2011.0,Single Family Residential,1
1733371,454782,1,115374.0,1,1066,1066.0,0,1066.0,403.369185692,1,1947,440000.0,2003.0,Single Family Residential,1
1736101,514671,1,140000.0,1,1473,1473.0,0,1473.0,149.048747122,1,1991,125000.0,2011.0,Single Family Residential,1
1744401,1779975,1,442000.0,1,3210,3210.0,0,3210.0,111.000293135,1,2000,900000.0,2005.0,Single Family Residential,1
1752640,464605,1,16764.0,1,809,809.0,0,809.0,125.819771613,1,1956,115000.0,2013.0,Single Family Residential,1
1758747,876731,1,101000.0,1,1612,1612.0,0,1612.0,213.554987,1,1992,343000.0,2011.0,Single Family Residential,1
1762606,834252,1,381397.0,1,2029,2029.42425042,0,2029.42425042,421.702554201,1,1981,,,,1
1762879,837570,7,0.0,0,0,0.0,4882,2640.0,0.0,1,1941,,,,10
1763044,1867445,1,339750.0,1,2640,2640.0,0,2640.0,126.782185194,1,1992,685100.0,2011.0,Single Family Residential,1
1765088,1905911,1,103777.0,2,3660,1830.0,0,3660.0,326.547449927,1,1980,,,,1
1766914,155381,1,275280.0,1,2091,2091.0,0,2091.0,182.091341737,2,1999,500000.0,2013.0,Single Family Residential,1
1773238,582643,1,195207.0,1,1971,1971.0,0,1971.0,279.876597111,1,1966,260000.0,1993.0,Single Family Residential,1
1773292,584382,1,80344.0,1,1859,1859.0,0,1859.0,194.10992917,1,1959,667500.0,2012.0,Single Family Residential,1
1773514,587402,1,91896.0,1,1550,1550.0,0,1550.0,147.126435623,1,1980,507500.0,2006.0,Single Family Residential,1
1774048,244118,1,269500.0,1,1226,1226.0,0,1226.0,303.816301474,1,1996,590000.0,2007.0,Single Family Residential,1
1774098,246530,1,238000.0,1,1348,1348.0,0,1348.0,212.269698962,1,1958,535000.0,2005.0,Single Family Residential,1
1776009,278288,1,27731.0,1,1375,1375.0,0,1375.0,184.880989104,1,1952,195000.0,2011.0,Single Family Residential,1
1776272,282700,1,30912.0,1,1119,1119.0,0,1119.0,237.872276144,1,1956,,,,1
1776750,291215,1,333580.0,1,2333,2333.0,0,2333.0,221.759971973,2,1996,318500.0,1992.0,Single Family Residential,1
1786068,410607,1,186269.0,1,2694,2694.0,0,2694.0,234.568008458,1,1980,,,,1
1792299,2028787,1,101576.0,1,1434,1434.0,0,1434.0,190.185976577,1,1986,,,,1
1794880,7017,2,289811.0,5,8620,1724.0,0,8620.0,128.158252143,2,1971,415000.0,2008.0,Multi-Family (2-4 Unit),3
1796966,27330,1,95033.0,1,2507,2507.0,0,2507.0,106.998500061,2,1900,,,,1
1803835,663171,1,123405.0,1,1399,1399.0,0,1399.0,192.668747423,1,1976,,,,1
1804613,671854,10,3094782.0,0,0,0.0,36979,36979.0,0.0,2,1961,,,,4
1807322,1031221,1,46627.0,1,1200,1200.0,0,1200.0,349.455671422,1,1955,,,,1
1808287,642544,1,107369.0,1,817,817.0,0,817.0,282.917294723,1,1925,150000.0,1996.0,Single Family Residential,1
1816137,1081014,1,66434.0,1,1945,1945.37009674,0,1945.37009674,292.206636731,1,1961,,,,1
1820286,1497228,1,45551.8699,1,1196,1196.0,0,1196.0,599.233830943,1,1963,,,,1
1821742,1538822,1,199005.3805,1,2096,2096.0,0,2096.0,223.360482985,2,1974,695000.0,2009.0,Single Family Residential,1
1827108,870763,1,6183.0,1,1475,1475.0,0,1475.0,233.172180915,1,1954,,,,1
1828059,880025,1,18466.0,1,2041,2041.0,0,2041.0,326.207353583,1,1976,,,,1
1828928,1546668,2,285600.0,12,16992,1416.0,0,16992.0,14.8017962081,2,1954,800000.0,2008.0,Multi-Family (2-4 Unit),3
1829265,899960,5,163527.0,0,0,0.0,11925,9600.0,0.0,4,1906,,,,12
1832739,975840,2,217125.0,6,10125,1687.5,0,10125.0,320.476442946,3,1946,,,,3
1834533,1565598,1,131585.6844,1,1040,1040.0,0,1040.0,255.449274081,1,1959,7000.0,2010.0,Single Family Residential,1
1834837,1568588,1,134788.5,1,1287,1287.0,0,1287.0,270.187251142,1,1974,385000.0,2008.0,Single Family Residential,1
1835021,1570940,1,212278.449,1,2029,2029.0,0,2029.0,205.092520202,1,1979,195000.0,1996.0,Single Family Residential,1
1842115,1650549,1,162630.4832,1,1446,1446.0,0,1446.0,107.515854021,1,1980,87000.0,1999.0,Single Family Residential,1
1842389,1654010,1,185351.091,1,2036,2036.0,0,2036.0,330.984736208,2,1975,435000.0,2013.0,Single Family Residential,1
